study,scale,guesser,respondent,model_type,df1,df2,f,adjr2,p,cgr,cgr_trial_id,model_name,trial_id
mock,scale1,self,self,without_guess,1.0,48.0,33.88360543324975,0.4015896131986513,4.700671173147717e-07,0.5,0,on_on_0,0
mock,scale1,self,self,with_guess,3.0,46.0,52.11073720249012,0.7578240280639978,7.77792794293865e-15,0.5,0,on_on_0,0
mock,scale1,self,self,without_guess,1.0,48.0,14.596957686627713,0.2172143533667671,0.0003825352190664075,0.5,1,on_on_0,0
mock,scale1,self,self,with_guess,3.0,46.0,29.973001330406966,0.6394911781198385,6.809716371857049e-11,0.5,1,on_on_0,0
mock,scale1,self,self,without_guess,1.0,48.0,18.137260241327535,0.25911657330218363,9.516154236889458e-05,0.5,2,on_on_0,0
mock,scale1,self,self,with_guess,3.0,46.0,28.21630226148439,0.6249490240217543,1.6745254227094777e-10,0.5,2,on_on_0,0
mock,scale1,self,self,without_guess,1.0,48.0,21.88589528149511,0.2988570897942754,2.3891349207194386e-05,0.5,3,on_on_0,0
mock,scale1,self,self,with_guess,3.0,46.0,28.920378667113834,0.6309160837588428,1.1626419769646759e-10,0.5,3,on_on_0,0
