study,scale,guesser,respondent,model_type,df1,df2,f,adjr2,p,cgr,cgr_trial_id,model_name,trial_id
mock,scale1,self,self,without_guess,1.0,48.0,35.22879251951467,0.4112614334935718,3.14645827944573e-07,0.5,0,on_on_0,0
mock,scale1,self,self,with_guess,3.0,46.0,51.97585108110161,0.757338712756256,8.142164516516138e-15,0.5,0,on_on_0,0
mock,scale1,self,self,without_guess,1.0,48.0,14.495541902650883,0.21594407363765,0.0003986376996072096,0.5,1,on_on_0,0
mock,scale1,self,self,with_guess,3.0,46.0,18.55658583258599,0.5180474390225573,4.9525421210035154e-08,0.5,1,on_on_0,0
mock,scale1,self,self,without_guess,1.0,48.0,16.319200624940986,0.23817461156382402,0.00019222995797847173,0.5,2,on_on_0,0
mock,scale1,self,self,with_guess,3.0,46.0,13.944706504946616,0.44213023059084333,1.342897529266592e-06,0.5,2,on_on_0,0
mock,scale1,self,self,without_guess,1.0,48.0,32.800149823525174,0.3935654809177901,6.5282968165719e-07,0.5,3,on_on_0,0
mock,scale1,self,self,with_guess,3.0,46.0,18.452441910583445,0.5165618306694266,5.309546273333174e-08,0.5,3,on_on_0,0
