study,scale,guesser,respondent,model_type,df1,df2,f,adjr2,p,cgr,cgr_trial_id,model_name,trial_id
mock,scale1,self,self,without_guess,1.0,48.0,1.0814174119108444,0.0016588235671264329,0.3035906759065009,0.5,0,off_on_0,0
mock,scale1,self,self,with_guess,3.0,46.0,14.616610476708365,0.4546456101244153,8.058650277391573e-07,0.5,0,off_on_0,0
mock,scale1,self,self,without_guess,1.0,48.0,6.691025755010547,0.10405776224610608,0.012776928914873538,0.5,1,off_on_0,0
mock,scale1,self,self,with_guess,3.0,46.0,17.300622911486023,0.4994988284349908,1.1629078378908302e-07,0.5,1,off_on_0,0
mock,scale1,self,self,without_guess,1.0,48.0,1.709868292842124,0.014280228800049866,0.19723109125345864,0.5,2,off_on_0,0
mock,scale1,self,self,with_guess,3.0,46.0,33.86723138459125,0.668025490622411,1.0412962540802899e-11,0.5,2,off_on_0,0
mock,scale1,self,self,without_guess,1.0,48.0,3.161067940582023,0.04224047752661986,0.08174886691889886,0.5,3,off_on_0,0
mock,scale1,self,self,with_guess,3.0,46.0,15.502175626040325,0.4703076458101342,4.1795453220081715e-07,0.5,3,off_on_0,0
