study,scale,guesser,respondent,model_type,df1,df2,f,adjr2,p,cgr,cgr_trial_id,model_name,trial_id
mock,scale1,self,self,without_guess,1.0,48.0,76.55279179873868,0.6065925195865726,1.662525988215335e-11,0.5,0,on_off_0,0
mock,scale1,self,self,with_guess,3.0,46.0,29.58225127787989,0.6363548760477293,8.293594754882312e-11,0.5,0,on_off_0,0
mock,scale1,self,self,without_guess,1.0,48.0,85.82920733134311,0.6338616885125636,2.9063596708571826e-12,0.5,1,on_off_0,0
mock,scale1,self,self,with_guess,3.0,46.0,39.83374732278623,0.7039297142593768,7.656469668546646e-13,0.5,1,on_off_0,0
mock,scale1,self,self,without_guess,1.0,48.0,64.30098065571855,0.5636725546483031,2.0628031551837345e-10,0.5,2,on_off_0,0
mock,scale1,self,self,with_guess,3.0,46.0,23.984009952015104,0.5845768821460546,1.709420699393833e-09,0.5,2,on_off_0,0
mock,scale1,self,self,without_guess,1.0,48.0,75.2172117787678,0.6023282843960324,2.160369917550215e-11,0.5,3,on_off_0,0
mock,scale1,self,self,with_guess,3.0,46.0,25.51954686224698,0.6001913878498004,7.161167724466525e-10,0.5,3,on_off_0,0
