study,scale,guesser,respondent,model_type,df1,df2,f,adjr2,p,cgr,cgr_trial_id,model_name,trial_id
mock,scale1,self,self,without_guess,1.0,48.0,2.510195807002529,0.029898830976085145,0.11967898761471456,0.5,0,off_off_0,0
mock,scale1,self,self,with_guess,3.0,46.0,1.3562687670695448,0.021346750205682996,0.2679598494058656,0.5,0,off_off_0,0
mock,scale1,self,self,without_guess,1.0,48.0,0.9151427527366891,-0.0017347848230200302,0.3435471054039647,0.5,1,off_off_0,0
mock,scale1,self,self,with_guess,3.0,46.0,2.9946067937803877,0.10882874889086047,0.04032234134895462,0.5,1,off_off_0,0
mock,scale1,self,self,without_guess,1.0,48.0,0.1008227339904353,-0.01869359430673856,0.7522217237062376,0.5,2,off_off_0,0
mock,scale1,self,self,with_guess,3.0,46.0,0.5796331571557602,-0.02641662339297235,0.631353189942987,0.5,2,off_off_0,0
mock,scale1,self,self,without_guess,1.0,48.0,0.34761326820265515,-0.013493669856633916,0.5582324653537425,0.5,3,off_off_0,0
mock,scale1,self,self,with_guess,3.0,46.0,2.4381636578844144,0.0809252961973389,0.07648676417566849,0.5,3,off_off_0,0
