study,scale,guesser,respondent,model_type,df1,df2,f,adjr2,p,cgr,cgr_trial_id,model_name,trial_id
mock,scale1,self,self,without_guess,1.0,48.0,0.03835487661574645,-0.020018277600350576,0.8455590104383931,0.5,0,off_off_0,0
mock,scale1,self,self,with_guess,3.0,46.0,1.9897012191270307,0.05713209288648935,0.1286940762440309,0.5,0,off_off_0,0
mock,scale1,self,self,without_guess,1.0,48.0,2.2444059153493097,0.02476705401683643,0.14064646729607794,0.5,1,off_off_0,0
mock,scale1,self,self,with_guess,3.0,46.0,0.727683285492863,-0.016955135591350867,0.540723309310682,0.5,1,off_off_0,0
mock,scale1,self,self,without_guess,1.0,48.0,0.5203982084863424,-0.009884539476631371,0.4741712023630994,0.5,2,off_off_0,0
mock,scale1,self,self,with_guess,3.0,46.0,0.8174800455192945,-0.011300976006551666,0.4908622779011951,0.5,2,off_off_0,0
mock,scale1,self,self,without_guess,1.0,48.0,3.4852978996999595,0.048271992220801474,0.0680303988208099,0.5,3,off_off_0,0
mock,scale1,self,self,with_guess,3.0,46.0,1.3327707454289714,0.019966918714555693,0.27528066570854026,0.5,3,off_off_0,0
