study,scale,guesser,respondent,model_type,df1,df2,f,adjr2,p,cgr,cgr_trial_id,model_name,trial_id
mock,scale1,self,self,without_guess,1.0,48.0,0.38086023010105474,-0.012797204658087757,0.5400597958543798,0.5,0,off_on_0,0
mock,scale1,self,self,with_guess,3.0,46.0,28.221357435317856,0.6249925543016512,1.6701103756816924e-10,0.5,0,off_on_0,0
mock,scale1,self,self,without_guess,1.0,48.0,0.5357764354438042,-0.009564564505806228,0.46774734405865825,0.5,1,off_on_0,0
mock,scale1,self,self,with_guess,3.0,46.0,18.228740565778597,0.5133395694666675,6.17016146309961e-08,0.5,1,off_on_0,0
mock,scale1,self,self,without_guess,1.0,48.0,0.00888517530610272,-0.020644404073846045,0.9252940523195848,0.5,2,off_on_0,0
mock,scale1,self,self,with_guess,3.0,46.0,19.58256996476402,0.5322093432930496,2.522032375995571e-08,0.5,2,off_on_0,0
mock,scale1,self,self,without_guess,1.0,48.0,0.0012224419976738638,-0.02080733588002248,0.9722538910641496,0.5,3,off_on_0,0
mock,scale1,self,self,with_guess,3.0,46.0,17.635054896896214,0.5045759222661396,9.236354601431106e-08,0.5,3,off_on_0,0
