study,scale,guesser,respondent,model_type,df1,df2,f,adjr2,p,cgr,cgr_trial_id,model_name,trial_id
mock,scale1,self,self,without_guess,1.0,48.0,57.54074923404066,0.5357243495463482,9.365012449367381e-10,0.5,0,on_off_0,0
mock,scale1,self,self,with_guess,3.0,46.0,19.507448886588556,0.5312007282088527,2.6480346398810565e-08,0.5,0,on_off_0,0
mock,scale1,self,self,without_guess,1.0,48.0,98.89480865350444,0.6664279667256232,3.0372938009673125e-13,0.5,1,on_off_0,0
mock,scale1,self,self,with_guess,3.0,46.0,43.17859714671535,0.7208546496529857,1.9976038480871824e-13,0.5,1,on_off_0,0
mock,scale1,self,self,without_guess,1.0,48.0,45.72142340540527,0.47717396706574144,1.7055845578196566e-08,0.5,2,on_off_0,0
mock,scale1,self,self,with_guess,3.0,46.0,16.988266684739166,0.4946619807125695,1.4450587517709167e-07,0.5,2,on_off_0,0
mock,scale1,self,self,without_guess,1.0,48.0,51.128623263180636,0.5056927213655749,4.325336896341704e-09,0.5,3,on_off_0,0
mock,scale1,self,self,with_guess,3.0,46.0,16.353320548030638,0.48453587448880053,2.2615261101959263e-07,0.5,3,on_off_0,0
