study,scale,guesser,respondent,model_type,df1,df2,f,adjr2,p,cgr,cgr_trial_id,model_name,trial_id
mock,scale1,self,self,without_guess,1.0,118.0,97.86404323695201,0.4487270866627159,3.605759062238446e-17,0.5,0,on_off_m3,17
mock,scale1,self,self,with_guess,3.0,116.0,32.75313057592877,0.4445984419147987,2.0701953937159345e-15,0.5,0,on_off_m3,17
mock,scale1,self,self,without_guess,1.0,118.0,93.57220943761244,0.4375442771226046,1.1933359438445517e-16,0.5,1,on_off_m3,17
mock,scale1,self,self,with_guess,3.0,116.0,31.877950331768915,0.4377081008527365,4.202404444789158e-15,0.5,1,on_off_m3,17
mock,scale1,self,self,without_guess,1.0,118.0,69.94649268931975,0.36684107110894604,1.4022460761754972e-13,0.5,2,on_off_m3,17
mock,scale1,self,self,with_guess,3.0,116.0,23.187240415711788,0.3587039438941554,7.873216374886102e-12,0.5,2,on_off_m3,17
mock,scale1,self,self,without_guess,1.0,118.0,80.07100617828776,0.3992053542006765,6.0978259571434036e-15,0.5,3,on_off_m3,17
mock,scale1,self,self,with_guess,3.0,116.0,27.947115326245946,0.40452762956940336,1.1276312030532326e-13,0.5,3,on_off_m3,17
