study,scale,guesser,respondent,model_type,df1,df2,f,adjr2,p,cgr,cgr_trial_id,model_name,trial_id
mock,scale1,self,self,without_guess,1.0,118.0,64.24264786638327,0.34702441281884544,8.866761368933758e-13,0.5,0,on_off_m3,19
mock,scale1,self,self,with_guess,3.0,116.0,21.093777656320853,0.3362387593325098,5.6358302499750035e-11,0.5,0,on_off_m3,19
mock,scale1,self,self,without_guess,1.0,118.0,28.20993278610394,0.18610180763786,5.196952591208094e-07,0.5,1,on_off_m3,19
mock,scale1,self,self,with_guess,3.0,116.0,9.894801024730555,0.18316581947761612,7.342742328354563e-06,0.5,1,on_off_m3,19
mock,scale1,self,self,without_guess,1.0,118.0,50.41639707671699,0.293417968407238,1.0075038872975636e-10,0.5,2,on_off_m3,19
mock,scale1,self,self,with_guess,3.0,116.0,16.691261804139124,0.2834510292850688,4.425950345346851e-09,0.5,2,on_off_m3,19
mock,scale1,self,self,without_guess,1.0,118.0,36.04138227184047,0.22748031571154115,2.1866752784681946e-08,0.5,3,on_off_m3,19
mock,scale1,self,self,with_guess,3.0,116.0,12.054571718471369,0.21794759099790617,6.321549359330577e-07,0.5,3,on_off_m3,19
