study,scale,guesser,respondent,model_type,df1,df2,f,adjr2,p,cgr,cgr_trial_id,model_name,trial_id
mock,scale1,self,self,without_guess,1.0,118.0,85.75894681041311,0.41597656513839776,1.125393969266808e-15,0.5,0,on_off_m3,20
mock,scale1,self,self,with_guess,3.0,116.0,29.456958980618513,0.41772525625627144,3.118320440292698e-14,0.5,0,on_off_m3,20
mock,scale1,self,self,without_guess,1.0,118.0,94.78598409300609,0.4407526392904404,8.485599774634485e-17,0.5,1,on_off_m3,20
mock,scale1,self,self,with_guess,3.0,116.0,32.50451580212937,0.44265831631984,2.529200761375764e-15,0.5,1,on_off_m3,20
mock,scale1,self,self,without_guess,1.0,118.0,65.4935369523197,0.35147579595175693,5.887172507000029e-13,0.5,2,on_off_m3,20
mock,scale1,self,self,with_guess,3.0,116.0,21.758081316973783,0.3435360842976768,2.9966331493100596e-11,0.5,2,on_off_m3,20
mock,scale1,self,self,without_guess,1.0,118.0,75.18514746673769,0.38401061592745256,2.7106878830352907e-14,0.5,3,on_off_m3,20
mock,scale1,self,self,with_guess,3.0,116.0,25.154990039676665,0.37847638695464736,1.3113637760126774e-12,0.5,3,on_off_m3,20
