study,scale,guesser,respondent,model_type,df1,df2,f,adjr2,p,cgr,cgr_trial_id,model_name,trial_id
mock,scale1,self,self,without_guess,1.0,118.0,36.21043081498348,0.228327167163081,2.0462145830408306e-08,0.5,0,on_off_m3,22
mock,scale1,self,self,with_guess,3.0,116.0,13.226208201219096,0.23560475753840648,1.736985811220354e-07,0.5,0,on_off_m3,22
mock,scale1,self,self,without_guess,1.0,118.0,51.0593859330024,0.2961053339732391,8.012721567970382e-11,0.5,1,on_off_m3,22
mock,scale1,self,self,with_guess,3.0,116.0,18.457999793529346,0.3056122840681079,7.394607898970062e-10,0.5,1,on_off_m3,22
mock,scale1,self,self,without_guess,1.0,118.0,61.591784213645745,0.3373861698571057,2.1326362655537973e-12,0.5,2,on_off_m3,22
mock,scale1,self,self,with_guess,3.0,116.0,23.84614178653166,0.36546337225651837,4.294021313050922e-12,0.5,2,on_off_m3,22
mock,scale1,self,self,without_guess,1.0,118.0,100.13894073195314,0.45447612608412746,1.9308884772656216e-17,0.5,3,on_off_m3,22
mock,scale1,self,self,with_guess,3.0,116.0,34.62592834666511,0.4587902548756613,4.679831789412322e-16,0.5,3,on_off_m3,22
