study,scale,guesser,respondent,model_type,df1,df2,f,adjr2,p,cgr,cgr_trial_id,model_name,trial_id
mock,scale1,self,self,without_guess,1.0,118.0,69.30324304321577,0.3646666332811783,1.7213915069269803e-13,0.5,0,on_off_m3,25
mock,scale1,self,self,with_guess,3.0,116.0,31.421850928050084,0.4340489993519747,6.098545117651015e-15,0.5,0,on_off_m3,25
mock,scale1,self,self,without_guess,1.0,118.0,54.29298228546664,0.3093160358508812,2.5677226619953626e-11,0.5,1,on_off_m3,25
mock,scale1,self,self,with_guess,3.0,116.0,23.358127514039758,0.36047080541533705,6.723713149583221e-12,0.5,1,on_off_m3,25
mock,scale1,self,self,without_guess,1.0,118.0,42.32335719223333,0.2577500740748909,1.9540863124088253e-09,0.5,2,on_off_m3,25
mock,scale1,self,self,with_guess,3.0,116.0,19.157407527690992,0.31401121039414315,3.6944531948272523e-10,0.5,2,on_off_m3,25
mock,scale1,self,self,without_guess,1.0,118.0,64.37210692808911,0.347487935493761,8.497653415306341e-13,0.5,3,on_off_m3,25
mock,scale1,self,self,with_guess,3.0,116.0,24.61048056715889,0.3731280817687941,2.1418095378599236e-12,0.5,3,on_off_m3,25
