study,scale,guesser,respondent,model_type,df1,df2,f,adjr2,p,cgr,cgr_trial_id,model_name,trial_id
mock,scale1,self,self,without_guess,1.0,118.0,84.8384191048636,0.41332613158220655,1.4744678760933873e-15,0.5,0,on_off_m3,11
mock,scale1,self,self,with_guess,3.0,116.0,27.977491631206124,0.40479904496096253,1.0985374675819493e-13,0.5,0,on_off_m3,11
mock,scale1,self,self,without_guess,1.0,118.0,60.43478214175767,0.3330896668707767,3.141361928058166e-12,0.5,1,on_off_m3,11
mock,scale1,self,self,with_guess,3.0,116.0,21.441425867596628,0.3400777666658519,4.046074263886533e-11,0.5,1,on_off_m3,11
mock,scale1,self,self,without_guess,1.0,118.0,163.2412558792333,0.5768757338677961,5.3210911818754486e-24,0.5,2,on_off_m3,11
mock,scale1,self,self,with_guess,3.0,116.0,55.17726284624476,0.5773123858671202,3.0914814899776573e-22,0.5,2,on_off_m3,11
mock,scale1,self,self,without_guess,1.0,118.0,109.5153524837662,0.4769583735739725,1.5755650020319896e-18,0.5,3,on_off_m3,11
mock,scale1,self,self,with_guess,3.0,116.0,35.93440928518279,0.46828291468250227,1.6926494982901727e-16,0.5,3,on_off_m3,11
