study,scale,guesser,respondent,model_type,df1,df2,f,adjr2,p,cgr,cgr_trial_id,model_name,trial_id
mock,scale1,self,self,without_guess,1.0,118.0,98.2574808399285,0.449730018412253,3.2350310254817225e-17,0.5,0,on_off_m3,10
mock,scale1,self,self,with_guess,3.0,116.0,34.71338053307198,0.4594352527643516,4.3698995836812904e-16,0.5,0,on_off_m3,10
mock,scale1,self,self,without_guess,1.0,118.0,78.08114717584071,0.393108405810765,1.1143915087256721e-14,0.5,1,on_off_m3,10
mock,scale1,self,self,with_guess,3.0,116.0,30.95179546773001,0.4302277664494918,8.973942387865851e-15,0.5,1,on_off_m3,10
mock,scale1,self,self,without_guess,1.0,118.0,136.06486529463717,0.5316156767209957,2.2227970838305936e-21,0.5,2,on_off_m3,10
mock,scale1,self,self,with_guess,3.0,116.0,47.339546321693646,0.5387930093836946,4.71069216084963e-20,0.5,2,on_off_m3,10
mock,scale1,self,self,without_guess,1.0,118.0,84.42370431765167,0.412124185746249,1.6659947763840586e-15,0.5,3,on_off_m3,10
mock,scale1,self,self,with_guess,3.0,116.0,28.0666205985632,0.4055939952573827,1.0175006532321102e-13,0.5,3,on_off_m3,10
