study,scale,guesser,respondent,model_type,df1,df2,f,adjr2,p,cgr,cgr_trial_id,model_name,trial_id
mock,scale1,self,self,without_guess,1.0,118.0,105.23351231746192,0.4669259164333297,4.882550745910961e-18,0.5,0,on_off_m3,5
mock,scale1,self,self,with_guess,3.0,116.0,36.701147243286876,0.4736922220663211,9.403350120800337e-17,0.5,0,on_off_m3,5
mock,scale1,self,self,without_guess,1.0,118.0,84.62003669551962,0.4126938187321365,1.5723549373881063e-15,0.5,1,on_off_m3,5
mock,scale1,self,self,with_guess,3.0,116.0,28.18098748750527,0.4066109399264374,9.223465978665596e-14,0.5,1,on_off_m3,5
mock,scale1,self,self,without_guess,1.0,118.0,62.22983573122817,0.33973196215158596,1.7244157850352662e-12,0.5,2,on_off_m3,5
mock,scale1,self,self,with_guess,3.0,116.0,21.698174176321164,0.34288459784327463,3.171416367003842e-11,0.5,2,on_off_m3,5
mock,scale1,self,self,without_guess,1.0,118.0,115.71371797611086,0.49083005896913756,3.182601797619507e-19,0.5,3,on_off_m3,5
mock,scale1,self,self,with_guess,3.0,116.0,48.66412604366304,0.5457883131985496,1.9529839523625837e-20,0.5,3,on_off_m3,5
