study,scale,guesser,respondent,model_type,df1,df2,f,adjr2,p,cgr,cgr_trial_id,model_name,trial_id
mock,scale1,self,self,without_guess,1.0,118.0,52.39271329345791,0.3016133278243366,4.997944540607419e-11,0.5,0,on_off_m3,15
mock,scale1,self,self,with_guess,3.0,116.0,17.766802479832556,0.2971074210643784,1.4797820700442415e-09,0.5,0,on_off_m3,15
mock,scale1,self,self,without_guess,1.0,118.0,61.3106423481594,0.33634725501153995,2.3425238850052485e-12,0.5,1,on_off_m3,15
mock,scale1,self,self,with_guess,3.0,116.0,20.437792554557273,0.3288718450464616,1.0585919031301974e-10,0.5,1,on_off_m3,15
mock,scale1,self,self,without_guess,1.0,118.0,51.93704664530238,0.2997406842759819,5.870232352098806e-11,0.5,2,on_off_m3,15
mock,scale1,self,self,with_guess,3.0,116.0,17.058564067570515,0.2881740255891707,3.0376991335468946e-09,0.5,2,on_off_m3,15
mock,scale1,self,self,without_guess,1.0,118.0,80.17816387314974,0.3995302122378641,5.9040514193575366e-15,0.5,3,on_off_m3,15
mock,scale1,self,self,with_guess,3.0,116.0,27.292252323554468,0.3986155735428665,1.986708939314682e-13,0.5,3,on_off_m3,15
