study,scale,guesser,respondent,model_type,df1,df2,f,adjr2,p,cgr,cgr_trial_id,model_name,trial_id
mock,scale1,self,self,without_guess,1.0,118.0,129.16531466953714,0.5185408593470958,1.141635596873588e-20,0.5,0,on_off_m3,16
mock,scale1,self,self,with_guess,3.0,116.0,44.03251038617379,0.5203499226924382,4.505632839183596e-19,0.5,0,on_off_m3,16
mock,scale1,self,self,without_guess,1.0,118.0,184.3703091209769,0.6064428404166209,7.235111243354058e-26,0.5,1,on_off_m3,16
mock,scale1,self,self,with_guess,3.0,116.0,66.8641812310328,0.6241225437218213,3.5440914174278017e-25,0.5,1,on_off_m3,16
mock,scale1,self,self,without_guess,1.0,118.0,79.54246767029831,0.3975978866548685,7.152617614788791e-15,0.5,2,on_off_m3,16
mock,scale1,self,self,with_guess,3.0,116.0,27.95719556315934,0.4046177249551768,1.1178907114997507e-13,0.5,2,on_off_m3,16
mock,scale1,self,self,without_guess,1.0,118.0,112.49672593178482,0.48372368623050255,7.26007144214549e-19,0.5,3,on_off_m3,16
mock,scale1,self,self,with_guess,3.0,116.0,38.05464689665881,0.4829772220476132,3.379097047403663e-17,0.5,3,on_off_m3,16
