study,scale,guesser,respondent,model_type,df1,df2,f,adjr2,p,cgr,cgr_trial_id,model_name,trial_id
mock,scale1,self,self,without_guess,1.0,118.0,123.3227777848481,0.506884509235615,4.7336548442200097e-20,0.5,0,on_off_m3,8
mock,scale1,self,self,with_guess,3.0,116.0,42.799136421967695,0.5130881282357267,1.0701375683259102e-18,0.5,0,on_off_m3,8
mock,scale1,self,self,without_guess,1.0,118.0,71.61772667141543,0.3724215447102549,8.258763702433899e-14,0.5,1,on_off_m3,8
mock,scale1,self,self,with_guess,3.0,116.0,23.667069213877166,0.3636404732313214,5.0600317418617185e-12,0.5,1,on_off_m3,8
mock,scale1,self,self,without_guess,1.0,118.0,117.81048923143936,0.4953574779991833,1.870808553920038e-19,0.5,2,on_off_m3,8
mock,scale1,self,self,with_guess,3.0,116.0,40.42079226072117,0.4984455537623782,5.888130510885537e-18,0.5,2,on_off_m3,8
mock,scale1,self,self,without_guess,1.0,118.0,103.19946713063912,0.46202402047506164,8.42101694868931e-18,0.5,3,on_off_m3,8
mock,scale1,self,self,with_guess,3.0,116.0,34.88302879807855,0.4606821086610724,3.826850595447007e-16,0.5,3,on_off_m3,8
