study,scale,guesser,respondent,model_type,df1,df2,f,adjr2,p,cgr,cgr_trial_id,model_name,trial_id
mock,scale1,self,self,without_guess,1.0,118.0,67.21165781891818,0.35749184796808775,3.370217152415995e-13,0.5,0,on_off_m3,4
mock,scale1,self,self,with_guess,3.0,116.0,22.86722969129073,0.35536884523098966,1.0592564752531567e-11,0.5,0,on_off_m3,4
mock,scale1,self,self,without_guess,1.0,118.0,83.3641175837065,0.4090307576744301,2.278733516593935e-15,0.5,1,on_off_m3,4
mock,scale1,self,self,with_guess,3.0,116.0,32.653595986516116,0.4438233232600627,2.24282571217145e-15,0.5,1,on_off_m3,4
mock,scale1,self,self,without_guess,1.0,118.0,54.96139445728311,0.3119851954628531,2.0351960725870746e-11,0.5,2,on_off_m3,4
mock,scale1,self,self,with_guess,3.0,116.0,19.505798808979936,0.3181195546323754,2.622548064877e-10,0.5,2,on_off_m3,4
mock,scale1,self,self,without_guess,1.0,118.0,92.84627921877517,0.43560777813619855,1.464676528952259e-16,0.5,3,on_off_m3,4
mock,scale1,self,self,with_guess,3.0,116.0,30.714057636328757,0.4282754026401233,1.0920709151436386e-14,0.5,3,on_off_m3,4
