study,scale,guesser,respondent,model_type,df1,df2,f,adjr2,p,cgr,cgr_trial_id,model_name,trial_id
mock,scale1,self,self,without_guess,1.0,118.0,88.75004125879282,0.42442574968560465,4.71821327879004e-16,0.5,0,on_off_m3,21
mock,scale1,self,self,with_guess,3.0,116.0,31.025985985828285,0.4308343109788829,8.441743854434878e-15,0.5,0,on_off_m3,21
mock,scale1,self,self,without_guess,1.0,118.0,63.12236062210136,0.3429855949797118,1.2827295586993808e-12,0.5,1,on_off_m3,21
mock,scale1,self,self,with_guess,3.0,116.0,21.18773400719414,0.3372806974911433,5.152068560565355e-11,0.5,1,on_off_m3,21
mock,scale1,self,self,without_guess,1.0,118.0,99.78440312546643,0.45358805179706263,2.1273492718234014e-17,0.5,2,on_off_m3,21
mock,scale1,self,self,with_guess,3.0,116.0,33.09565932492739,0.4472494290205551,1.5727871856382876e-15,0.5,2,on_off_m3,21
mock,scale1,self,self,without_guess,1.0,118.0,61.35165762235234,0.3364990233289643,2.3106406853787817e-12,0.5,3,on_off_m3,21
mock,scale1,self,self,with_guess,3.0,116.0,20.89001778003556,0.33396784869438634,6.849934840205723e-11,0.5,3,on_off_m3,21
