study,scale,guesser,respondent,model_type,df1,df2,f,adjr2,p,cgr,cgr_trial_id,model_name,trial_id
mock,scale1,self,self,without_guess,1.0,118.0,74.01177988006178,0.3802463574144662,3.901155202167862e-14,0.5,0,on_off_m3,1
mock,scale1,self,self,with_guess,3.0,116.0,27.0773302433372,0.3966496025338119,2.3953934979229965e-13,0.5,0,on_off_m3,1
mock,scale1,self,self,without_guess,1.0,118.0,100.4827392020401,0.45533454754997493,1.757991849499674e-17,0.5,1,on_off_m3,1
mock,scale1,self,self,with_guess,3.0,116.0,38.19488160058972,0.48392053554865777,3.0422138643056173e-17,0.5,1,on_off_m3,1
mock,scale1,self,self,without_guess,1.0,118.0,108.45225383384108,0.47450291182654325,2.082142380917461e-18,0.5,2,on_off_m3,1
mock,scale1,self,self,with_guess,3.0,116.0,40.121322229883035,0.4965391651416582,7.32442108417061e-18,0.5,2,on_off_m3,1
mock,scale1,self,self,without_guess,1.0,118.0,118.22770226637017,0.49624875127551427,1.6840817800329424e-19,0.5,3,on_off_m3,1
mock,scale1,self,self,with_guess,3.0,116.0,42.8608609017333,0.5134567691460146,1.0244848330337601e-18,0.5,3,on_off_m3,1
