study,scale,guesser,respondent,model_type,df1,df2,f,adjr2,p,cgr,cgr_trial_id,model_name,trial_id
mock,scale1,self,self,without_guess,1.0,118.0,101.7276479951433,0.4584204532939329,1.2532555793781457e-17,0.5,0,on_off_m3,6
mock,scale1,self,self,with_guess,3.0,116.0,33.398002546050265,0.44956846260432326,1.2353563480841366e-15,0.5,0,on_off_m3,6
mock,scale1,self,self,without_guess,1.0,118.0,63.22957191977584,0.3433742697760316,1.2380639711188513e-12,0.5,1,on_off_m3,6
mock,scale1,self,self,with_guess,3.0,116.0,20.760743061772605,0.33251900347115426,7.755077737521675e-11,0.5,1,on_off_m3,6
mock,scale1,self,self,without_guess,1.0,118.0,60.89847434119277,0.33481825131138454,2.6888809802168988e-12,0.5,2,on_off_m3,6
mock,scale1,self,self,with_guess,3.0,116.0,21.372726687896048,0.3393226605003298,4.319281253923311e-11,0.5,2,on_off_m3,6
mock,scale1,self,self,without_guess,1.0,118.0,59.11958067609794,0.3281375241192692,4.8944841348145544e-12,0.5,3,on_off_m3,6
mock,scale1,self,self,with_guess,3.0,116.0,19.53444133150692,0.31845512858773317,2.549914599848204e-10,0.5,3,on_off_m3,6
