study,scale,guesser,respondent,model_type,df1,df2,f,adjr2,p,cgr,cgr_trial_id,model_name,trial_id
mock,scale1,self,self,without_guess,1.0,118.0,48.10680317986603,0.2835934608220544,2.3114228592795335e-10,0.5,0,on_off_m3,14
mock,scale1,self,self,with_guess,3.0,116.0,15.93095653116674,0.2734726469147698,9.71905017718238e-09,0.5,0,on_off_m3,14
mock,scale1,self,self,without_guess,1.0,118.0,88.3618765219851,0.4233430999677785,5.277804493423815e-16,0.5,1,on_off_m3,14
mock,scale1,self,self,with_guess,3.0,116.0,29.51697490755972,0.4182377803408379,2.964698486485707e-14,0.5,1,on_off_m3,14
mock,scale1,self,self,without_guess,1.0,118.0,72.55792924155081,0.37551798304254325,6.144579890280204e-14,0.5,2,on_off_m3,14
mock,scale1,self,self,with_guess,3.0,116.0,24.2243615686063,0.3692794063045819,3.040465878578031e-12,0.5,2,on_off_m3,14
mock,scale1,self,self,without_guess,1.0,118.0,62.80442632356925,0.3418302725231046,1.4250689572112296e-12,0.5,3,on_off_m3,14
mock,scale1,self,self,with_guess,3.0,116.0,25.115111237745168,0.378087786669821,1.359149699733954e-12,0.5,3,on_off_m3,14
