study,scale,guesser,respondent,model_type,df1,df2,f,adjr2,p,cgr,cgr_trial_id,model_name,trial_id
mock,scale1,self,self,without_guess,1.0,118.0,136.23512118653343,0.5319293438112778,2.136054612414609e-21,0.5,0,on_off_m3,27
mock,scale1,self,self,with_guess,3.0,116.0,47.52897166911263,0.5398065675650172,4.1499746702701517e-20,0.5,0,on_off_m3,27
mock,scale1,self,self,without_guess,1.0,118.0,72.09301623900821,0.37399067911901274,7.110708530614745e-14,0.5,1,on_off_m3,27
mock,scale1,self,self,with_guess,3.0,116.0,24.804565439439465,0.37504495579422337,1.7973632389068183e-12,0.5,1,on_off_m3,27
mock,scale1,self,self,without_guess,1.0,118.0,138.3786424672012,0.5358427720233218,1.2970624036901767e-21,0.5,2,on_off_m3,27
mock,scale1,self,self,with_guess,3.0,116.0,51.268462544905454,0.55894135012192,3.591690644266134e-21,0.5,2,on_off_m3,27
mock,scale1,self,self,without_guess,1.0,118.0,133.34527646794808,0.52654769696786,4.2135125657177226e-21,0.5,3,on_off_m3,27
mock,scale1,self,self,with_guess,3.0,116.0,44.64632887800739,0.5238838021927008,2.9433511771697934e-19,0.5,3,on_off_m3,27
