study,scale,guesser,respondent,model_type,df1,df2,f,adjr2,p,cgr,cgr_trial_id,model_name,trial_id
mock,scale1,self,self,without_guess,1.0,118.0,70.54172958863599,0.3688399896424175,1.160637706488752e-13,0.5,0,on_off_m3,28
mock,scale1,self,self,with_guess,3.0,116.0,23.753032888614364,0.36451686007337303,4.676342868626591e-12,0.5,0,on_off_m3,28
mock,scale1,self,self,without_guess,1.0,118.0,47.93863230287991,0.2828674170171842,2.4566675499863687e-10,0.5,1,on_off_m3,28
mock,scale1,self,self,with_guess,3.0,116.0,15.713657627452525,0.270569508704524,1.2192051489622613e-08,0.5,1,on_off_m3,28
mock,scale1,self,self,without_guess,1.0,118.0,68.76341193976016,0.3628302312318914,2.0457946277205477e-13,0.5,2,on_off_m3,28
mock,scale1,self,self,with_guess,3.0,116.0,23.097411701311053,0.35777125289005685,8.555705200646315e-12,0.5,2,on_off_m3,28
mock,scale1,self,self,without_guess,1.0,118.0,54.975189318353884,0.31204006500038983,2.0254770074636208e-11,0.5,3,on_off_m3,28
mock,scale1,self,self,with_guess,3.0,116.0,18.04671605066636,0.3005766052719767,1.1162700054197413e-09,0.5,3,on_off_m3,28
