study,scale,guesser,respondent,model_type,df1,df2,f,adjr2,p,cgr,cgr_trial_id,model_name,trial_id
mock,scale1,self,self,without_guess,1.0,118.0,68.61800661862408,0.3623337739150192,2.1433701888162019e-13,0.5,0,on_off_m3,31
mock,scale1,self,self,with_guess,3.0,116.0,25.560330830607228,0.3823988632140197,9.125557993823454e-13,0.5,0,on_off_m3,31
mock,scale1,self,self,without_guess,1.0,118.0,119.9498461017281,0.4998946124591095,1.0932728957120894e-19,0.5,1,on_off_m3,31
mock,scale1,self,self,with_guess,3.0,116.0,40.49604857587321,0.49892235827011033,5.574564478731474e-18,0.5,1,on_off_m3,31
mock,scale1,self,self,without_guess,1.0,118.0,83.65010158100498,0.4098688814585275,2.093675132595869e-15,0.5,2,on_off_m3,31
mock,scale1,self,self,with_guess,3.0,116.0,29.61178747715719,0.41904562480117713,2.7375241026746844e-14,0.5,2,on_off_m3,31
mock,scale1,self,self,without_guess,1.0,118.0,97.8280658494017,0.44863519240804106,3.641746789574726e-17,0.5,3,on_off_m3,31
mock,scale1,self,self,with_guess,3.0,116.0,34.87546611394197,0.4606266480603638,3.8495307490932627e-16,0.5,3,on_off_m3,31
