study,scale,guesser,respondent,model_type,df1,df2,f,adjr2,p,cgr,cgr_trial_id,model_name,trial_id
mock,scale1,self,self,without_guess,1.0,118.0,63.972236438237644,0.3460540886390149,9.691265813813252e-13,0.5,0,on_off_m3,18
mock,scale1,self,self,with_guess,3.0,116.0,21.589689603511893,0.34170153786251967,3.514764778212603e-11,0.5,0,on_off_m3,18
mock,scale1,self,self,without_guess,1.0,118.0,64.22997611320393,0.34697900675750804,8.903755984959619e-13,0.5,1,on_off_m3,18
mock,scale1,self,self,with_guess,3.0,116.0,22.480294997736017,0.35128965386093713,1.51936055067049e-11,0.5,1,on_off_m3,18
mock,scale1,self,self,without_guess,1.0,118.0,73.16291089969774,0.3774943087028073,5.0839722562533796e-14,0.5,2,on_off_m3,18
mock,scale1,self,self,with_guess,3.0,116.0,24.226104367731537,0.3692968839777848,3.0356473380843926e-12,0.5,2,on_off_m3,18
mock,scale1,self,self,without_guess,1.0,118.0,68.38107533733987,0.36152316009221275,2.3126210309698215e-13,0.5,3,on_off_m3,18
mock,scale1,self,self,with_guess,3.0,116.0,24.566400352001384,0.37269108495154857,2.2289803495332273e-12,0.5,3,on_off_m3,18
