study,scale,guesser,respondent,model_type,df1,df2,f,adjr2,p,cgr,cgr_trial_id,model_name,trial_id
mock,scale1,self,self,without_guess,1.0,118.0,86.53783860029019,0.4182005597871259,8.962945013688687e-16,0.5,0,on_off_m3,0
mock,scale1,self,self,with_guess,3.0,116.0,32.065940449405744,0.43920253636949136,3.606913715444506e-15,0.5,0,on_off_m3,0
mock,scale1,self,self,without_guess,1.0,118.0,83.96504456156211,0.410789128097229,1.907489574029526e-15,0.5,1,on_off_m3,0
mock,scale1,self,self,with_guess,3.0,116.0,27.834317164384135,0.4035175965600465,1.2426993042656388e-13,0.5,1,on_off_m3,0
mock,scale1,self,self,without_guess,1.0,118.0,114.14821120571231,0.48739643789651643,4.747281981772213e-19,0.5,2,on_off_m3,0
mock,scale1,self,self,with_guess,3.0,116.0,39.08361013761677,0.4898196084045152,1.5704428164908253e-17,0.5,2,on_off_m3,0
mock,scale1,self,self,without_guess,1.0,118.0,126.67811020182738,0.5136467258887989,2.0827776709257325e-20,0.5,3,on_off_m3,0
mock,scale1,self,self,with_guess,3.0,116.0,41.799231941861045,0.5070375481712096,2.1784493227077663e-18,0.5,3,on_off_m3,0
