study,scale,guesser,respondent,model_type,df1,df2,f,adjr2,p,cgr,cgr_trial_id,model_name,trial_id
mock,scale1,self,self,without_guess,1.0,118.0,118.11792207552315,0.4960145381851301,1.7312956979697903e-19,0.5,0,on_off_m3,2
mock,scale1,self,self,with_guess,3.0,116.0,39.88970831132446,0.49505477209481796,8.676272580872824e-18,0.5,0,on_off_m3,2
mock,scale1,self,self,without_guess,1.0,118.0,105.02765656262605,0.46643388611947845,5.1582646588624524e-18,0.5,1,on_off_m3,2
mock,scale1,self,self,with_guess,3.0,116.0,40.23896981696017,0.49728982067209326,6.721872379988316e-18,0.5,1,on_off_m3,2
mock,scale1,self,self,without_guess,1.0,118.0,79.84116425385855,0.3985073811671166,6.535567166051336e-15,0.5,2,on_off_m3,2
mock,scale1,self,self,with_guess,3.0,116.0,26.952804154922113,0.39550462431317945,2.6703432427558027e-13,0.5,2,on_off_m3,2
mock,scale1,self,self,without_guess,1.0,118.0,94.11543820337488,0.43898472922134213,1.0241931571965078e-16,0.5,3,on_off_m3,2
mock,scale1,self,self,with_guess,3.0,116.0,31.1103762424736,0.4315226754690884,7.875250145776281e-15,0.5,3,on_off_m3,2
