study,scale,guesser,respondent,model_type,df1,df2,f,adjr2,p,cgr,cgr_trial_id,model_name,trial_id
mock,scale1,self,self,without_guess,1.0,118.0,44.25489116085349,0.2665860539018956,9.492764195166575e-10,0.5,0,on_off_m3,13
mock,scale1,self,self,with_guess,3.0,116.0,21.302086559947508,0.3385444163434337,4.6198018735080164e-11,0.5,0,on_off_m3,13
mock,scale1,self,self,without_guess,1.0,118.0,70.71189365823247,0.36940911516941555,1.0996834318308758e-13,0.5,1,on_off_m3,13
mock,scale1,self,self,with_guess,3.0,116.0,28.88786840355735,0.41282007750578786,5.045526285258274e-14,0.5,1,on_off_m3,13
mock,scale1,self,self,without_guess,1.0,118.0,71.66874983011782,0.37259037080918334,8.126974146972752e-14,0.5,2,on_off_m3,13
mock,scale1,self,self,with_guess,3.0,116.0,26.868766115978357,0.394729461874079,2.873844137023686e-13,0.5,2,on_off_m3,13
mock,scale1,self,self,without_guess,1.0,118.0,113.92500212768988,0.48690309837969636,5.026928473403952e-19,0.5,3,on_off_m3,13
mock,scale1,self,self,with_guess,3.0,116.0,45.72708906276228,0.5299810237875868,1.4012147265166918e-19,0.5,3,on_off_m3,13
