study,scale,guesser,respondent,model_type,df1,df2,f,adjr2,p,cgr,cgr_trial_id,model_name,trial_id
mock,scale1,self,self,without_guess,1.0,118.0,45.2185450603568,0.27091618200618783,6.644414460642908e-10,0.5,0,on_off_m3,29
mock,scale1,self,self,with_guess,3.0,116.0,16.400388118389202,0.27966609397400655,5.972812758261137e-09,0.5,0,on_off_m3,29
mock,scale1,self,self,without_guess,1.0,118.0,28.355894112097168,0.1869135116016899,4.89040592437816e-07,0.5,1,on_off_m3,29
mock,scale1,self,self,with_guess,3.0,116.0,11.351658157470201,0.20695731402173823,1.3899687895070297e-06,0.5,1,on_off_m3,29
mock,scale1,self,self,without_guess,1.0,118.0,30.687769132198895,0.19966517290203867,1.8688377994620006e-07,0.5,2,on_off_m3,29
mock,scale1,self,self,with_guess,3.0,116.0,10.816801062216516,0.19838547120428485,2.5482003376424735e-06,0.5,2,on_off_m3,29
mock,scale1,self,self,without_guess,1.0,118.0,53.11446543418124,0.3045590874035542,3.877336108513183e-11,0.5,3,on_off_m3,29
mock,scale1,self,self,with_guess,3.0,116.0,21.536921650214772,0.341124544638747,3.69520845393671e-11,0.5,3,on_off_m3,29
