study,scale,guesser,respondent,model_type,df1,df2,f,adjr2,p,cgr,cgr_trial_id,model_name,trial_id
mock,scale1,self,self,without_guess,1.0,118.0,69.66859289901171,0.3659034889016495,1.5320029261384003e-13,0.5,0,on_off_m3,9
mock,scale1,self,self,with_guess,3.0,116.0,24.790167033710834,0.3749031530006721,1.820861936775406e-12,0.5,0,on_off_m3,9
mock,scale1,self,self,without_guess,1.0,118.0,89.70221303998946,0.42706436172113094,3.5873266566258713e-16,0.5,1,on_off_m3,9
mock,scale1,self,self,with_guess,3.0,116.0,35.34497915068979,0.46404830984903667,2.6703868140614874e-16,0.5,1,on_off_m3,9
mock,scale1,self,self,without_guess,1.0,118.0,44.946510875048624,0.26969899900923855,7.346740771644744e-10,0.5,2,on_off_m3,9
mock,scale1,self,self,with_guess,3.0,116.0,16.41164858945491,0.2798133624419822,5.903745316866336e-09,0.5,2,on_off_m3,9
mock,scale1,self,self,without_guess,1.0,118.0,50.67672599544303,0.29450847888039455,9.181781846438983e-11,0.5,3,on_off_m3,9
mock,scale1,self,self,with_guess,3.0,116.0,17.480992633911637,0.2935294692461362,1.976051840662239e-09,0.5,3,on_off_m3,9
