study,scale,guesser,respondent,model_type,df1,df2,f,adjr2,p,cgr,cgr_trial_id,model_name,trial_id
mock,scale1,self,self,without_guess,1.0,118.0,74.67492450841642,0.38237941287060506,3.174760701616912e-14,0.5,0,on_off_m3,7
mock,scale1,self,self,with_guess,3.0,116.0,26.091896446103675,0.38746839398534405,5.691332841517183e-13,0.5,0,on_off_m3,7
mock,scale1,self,self,without_guess,1.0,118.0,100.69667135966037,0.4558673469506216,1.6584361852613542e-17,0.5,1,on_off_m3,7
mock,scale1,self,self,with_guess,3.0,116.0,38.01940036711013,0.48273958750296486,3.469583814524831e-17,0.5,1,on_off_m3,7
mock,scale1,self,self,without_guess,1.0,118.0,113.78803774775558,0.48659990758667926,5.206762749329487e-19,0.5,2,on_off_m3,7
mock,scale1,self,self,with_guess,3.0,116.0,37.63117061660359,0.4801075878547302,4.6455179885278134e-17,0.5,2,on_off_m3,7
mock,scale1,self,self,without_guess,1.0,118.0,77.11838181338777,0.3901138432266611,1.4952722726771087e-14,0.5,3,on_off_m3,7
mock,scale1,self,self,with_guess,3.0,116.0,26.734933340041074,0.3934908830579318,3.231027971129194e-13,0.5,3,on_off_m3,7
