study,scale,guesser,respondent,model_type,df1,df2,f,adjr2,p,cgr,cgr_trial_id,model_name,trial_id
mock,scale1,self,self,without_guess,1.0,118.0,72.42800983573285,0.3750919305271747,6.400279164163616e-14,0.5,0,on_off_m3,26
mock,scale1,self,self,with_guess,3.0,116.0,24.299469248518278,0.3700317465868088,2.8396942166972025e-12,0.5,0,on_off_m3,26
mock,scale1,self,self,without_guess,1.0,118.0,123.00523797231173,0.5062347980433873,5.119176720454593e-20,0.5,1,on_off_m3,26
mock,scale1,self,self,with_guess,3.0,116.0,42.32134214064548,0.5102155584409763,1.5013567563912993e-18,0.5,1,on_off_m3,26
mock,scale1,self,self,without_guess,1.0,118.0,105.41924397088987,0.4673690686398305,4.646664797896479e-18,0.5,2,on_off_m3,26
mock,scale1,self,self,with_guess,3.0,116.0,38.74863104757837,0.4876120374414361,2.0131692705400266e-17,0.5,2,on_off_m3,26
mock,scale1,self,self,without_guess,1.0,118.0,106.81187933636912,0.4706685413987879,3.2097366434345507e-18,0.5,3,on_off_m3,26
mock,scale1,self,self,with_guess,3.0,116.0,36.971689955153835,0.4755747158152368,7.652689204742208e-17,0.5,3,on_off_m3,26
