study,scale,guesser,respondent,model_type,component,est,se,t,p,model_name,trial_id
mock,scale1,self,self,without_guess,intercept,22.923076923076927,0.657345354154796,34.87219735895304,5.499656943060266e-64,off_on_m3,3
mock,scale1,self,self,without_guess,conditionAC,0.8563348416289592,0.8732322458701698,0.9806495874137442,0.328771907847606,off_on_m3,3
mock,scale1,self,self,with_guess,intercept,18.199999999999996,0.8900419245177263,20.448474952302675,2.8542235733482956e-40,off_on_m3,3
mock,scale1,self,self,with_guess,conditionAC,2.9818181818181824,1.4941526467404307,1.9956583340552045,0.04831443360444724,off_on_m3,3
mock,scale1,self,self,with_guess,guessAC,7.6750000000000025,1.1345852852578913,6.764586232277352,5.730355563124881e-10,off_on_m3,3
mock,scale1,self,self,with_guess,conditionAC:guessAC,-4.576116427432219,1.7336543148793266,-2.639578368165482,0.009442323355817428,off_on_m3,3
