study,scale,guesser,respondent,model_type,component,est,se,t,p,model_name,trial_id
mock,scale1,self,self,without_guess,intercept,20.730769230769226,0.5942331177940663,34.88659351018122,5.260640136542653e-64,on_off_m3,21
mock,scale1,self,self,without_guess,conditionAC,6.857466063348417,0.7893925418989891,8.687016534070448,2.4866514497377484e-14,on_off_m3,21
mock,scale1,self,self,with_guess,intercept,20.592592592592588,0.8264587805148318,24.916660186929953,2.168735073144331e-48,on_off_m3,21
mock,scale1,self,self,with_guess,conditionAC,7.7177522349936165,1.1484608964541456,6.7200827288260765,7.140880221673077e-10,on_off_m3,21
mock,scale1,self,self,with_guess,guessAC,0.2874074074074097,1.1919358040814663,0.24112658284385763,0.8098826991079671,on_off_m3,21
mock,scale1,self,self,with_guess,conditionAC:guessAC,-1.5464701837115655,1.5904430352530088,-0.9723518223747963,0.3328987719554787,on_off_m3,21
