study,scale,guesser,respondent,model_type,component,est,se,t,p,model_name,trial_id
mock,scale1,self,self,without_guess,intercept,19.519230769230766,0.5758872709407732,33.8941868559519,1.1664901441408443e-62,on_off_m3,26
mock,scale1,self,self,without_guess,conditionAC,7.480769230769233,0.7650215093073162,9.778508368402148,6.722429461016466e-17,on_off_m3,26
mock,scale1,self,self,with_guess,intercept,19.458333333333332,0.854727030877799,22.76555277928879,1.3135905531492558e-44,on_off_m3,26
mock,scale1,self,self,with_guess,conditionAC,7.42401960784314,1.1163541137028625,6.650237157471679,1.0074696114541099e-09,on_off_m3,26
mock,scale1,self,self,with_guess,guessAC,0.11309523809523875,1.164796601807207,0.09709440937565328,0.9228189796469793,on_off_m3,26
mock,scale1,self,self,with_guess,conditionAC:guessAC,0.12219887955182014,1.545356768942974,0.07907486608118612,0.9371093242746706,on_off_m3,26
