study,scale,guesser,respondent,model_type,df1,df2,f,adjr2,p,model_name,trial_id
mock,scale1,self,self,without_guess,1.0,48.0,51.454278453522925,0.5073112915609888,3.9922289433312025e-09,on_off_0,0
mock,scale1,self,self,with_guess,3.0,46.0,20.668940013992565,0.5463249452122025,1.2601222653855329e-08,on_off_0,0
