study,scale,guesser,respondent,model_type,component,est,se,t,p,model_name,trial_id
mock,scale1,self,self,without_guess,intercept,24.29411764705882,1.2746452005415623,19.05951368799483,4.962862964666365e-24,off_on_0,0
mock,scale1,self,self,without_guess,conditionAC,1.5543672014260268,1.568979782043115,0.9906865717555264,0.3268066021101158,off_on_0,0
mock,scale1,self,self,with_guess,intercept,18.571428571428566,1.4748926539676013,12.591715418386322,1.6440221649199022e-16,off_on_0,0
mock,scale1,self,self,with_guess,conditionAC,2.553571428571431,2.0195799411917914,1.2644072049282296,0.21245303012935185,off_on_0,0
mock,scale1,self,self,with_guess,guessAC,9.728571428571435,1.923024747432261,5.058994400130114,7.209561387557398e-06,off_on_0,0
mock,scale1,self,self,with_guess,conditionAC:guessAC,-3.493571428571432,2.492088544329291,-1.4018648881962883,0.16766758306547888,off_on_0,0
