study,scale,guesser,respondent,model_type,component,est,se,t,p,model_name,trial_id
mock,scale1,self,self,without_guess,intercept,19.823529411764703,0.9277511922113653,21.367290689774073,3.628403239365527e-26,off_off_0,0
mock,scale1,self,self,without_guess,conditionAC,0.23707664884135407,1.1419827750715048,0.2076008973309686,0.8364188936233107,off_off_0,0
mock,scale1,self,self,with_guess,intercept,19.166666666666668,1.5901392077482028,12.053452033176766,7.759648682157828e-16,off_off_0,0
mock,scale1,self,self,with_guess,conditionAC,0.7708333333333306,1.8646035000838286,0.41340334998763845,0.6812320764578885,off_off_0,0
mock,scale1,self,self,with_guess,guessAC,1.0151515151515123,1.97680242035436,0.513532108570333,0.6100370733934536,off_off_0,0
mock,scale1,self,self,with_guess,conditionAC:guessAC,-0.7761809269162179,2.3975775601481875,-0.32373548193712837,0.7476056355721558,off_off_0,0
