study,scale,guesser,respondent,model_type,component,est,se,t,p,model_name,trial_id
mock,scale1,self,self,without_guess,intercept,21.470588235294112,1.339665288878374,16.026830293759588,6.69968084756388e-21,off_on_0,0
mock,scale1,self,self,without_guess,conditionAC,5.377896613190731,1.6490139782129756,3.261280185762111,0.00204447100562495,off_on_0,0
mock,scale1,self,self,with_guess,intercept,16.428571428571427,1.5373420522530283,10.686347520706132,4.7254324601031254e-14,off_on_0,0
mock,scale1,self,self,with_guess,conditionAC,2.1714285714285686,2.381640066320125,0.9117366650552052,0.3666608448839168,off_on_0,0
mock,scale1,self,self,with_guess,guessAC,8.571428571428571,2.004448800933424,4.276202299323915,9.495861538123299e-05,off_on_0,0
mock,scale1,self,self,with_guess,conditionAC:guessAC,1.150000000000001,2.813797960381236,0.40870027492812233,0.6846561463486565,off_on_0,0
