study,scale,guesser,respondent,model_type,df1,df2,f,adjr2,p,model_name,trial_id
mock,scale1,self,self,without_guess,1.0,48.0,42.1266396649679,0.4563205708972391,4.4474540442311266e-08,on_on_0,0
mock,scale1,self,self,with_guess,3.0,46.0,27.417492004087546,0.6179410992789336,2.5511425625809285e-10,on_on_0,0
