study,scale,guesser,respondent,model_type,component,est,se,t,p,model_name,trial_id
mock,scale1,self,self,without_guess,intercept,18.76470588235294,1.1557764772297172,16.23558382787829,3.957872272259151e-21,on_off_0,0
mock,scale1,self,self,without_guess,conditionAC,10.204991087344029,1.4226624982104672,7.1731637687650025,3.9922289433312025e-09,on_off_0,0
mock,scale1,self,self,with_guess,intercept,18.222222222222218,1.5242745653764629,11.954684960397357,1.0357554416684973e-15,on_off_0,0
mock,scale1,self,self,with_guess,conditionAC,12.992063492063494,1.953723512114257,6.649898724924438,3.057802919560299e-08,on_off_0,0
mock,scale1,self,self,with_guess,guessAC,1.1527777777777777,2.221992916311596,0.5188035341225725,0.6063847761385018,on_off_0,0
mock,scale1,self,self,with_guess,conditionAC:guessAC,-5.051274018379282,2.744346763900354,-1.840610700085236,0.07213436152048598,on_off_0,0
