study,scale,guesser,respondent,model_type,component,est,se,t,p,model_name,trial_id
mock,scale1,self,self,without_guess,intercept,22.117647058823536,1.5934944066963397,13.879965292553631,2.002656319519112e-18,on_on_0,0
mock,scale1,self,self,without_guess,conditionAC,12.730837789661315,1.961456023874797,6.490503806713918,4.44745404423116e-08,on_on_0,0
mock,scale1,self,self,with_guess,intercept,18.000000000000007,1.741681402059571,10.334840791613592,1.413070811396503e-13,on_on_0,0
mock,scale1,self,self,with_guess,conditionAC,12.222222222222216,2.530604407807301,4.829764061310726,1.552735074932739e-05,on_on_0,0
mock,scale1,self,self,with_guess,guessAC,9.999999999999996,2.7142144300689948,3.6843072858270074,0.0006022931479631638,on_on_0,0
mock,scale1,self,self,with_guess,conditionAC:guessAC,-3.6388888888888857,3.4643042224779257,-1.0503953045688592,0.2990236004991084,on_on_0,0
