study,scale,guesser,respondent,model_type,df1,df2,f,adjr2,p,model_name,trial_id
mock,scale1,self,self,without_guess,1.0,48.0,0.043098132572624154,-0.019917572026409536,0.8364188936233091,off_off_0,0
mock,scale1,self,self,with_guess,3.0,46.0,0.11210266589465417,-0.05748606476047202,0.9525946227240265,off_off_0,0
