study,scale,guesser,respondent,model_type,df1,df2,f,adjr2,p,model_name,trial_id
mock,scale1,self,self,without_guess,1.0,48.0,0.9814598834567149,-0.0003785129432114509,0.3268066021101166,off_on_0,0
mock,scale1,self,self,with_guess,3.0,46.0,14.282172632735385,0.44848710833956784,1.0376509029812743e-06,off_on_0,0
