study,scale,guesser,respondent,model_type,component,est,se,t,p,model_name,trial_id
mock,scale1,self,self,without_guess,intercept,23.647058823529417,1.30022561983391,18.186888846683452,3.5991644294103076e-23,on_on_0,0
mock,scale1,self,self,without_guess,conditionAC,12.716577540106952,1.6004671015488305,7.945541353396552,2.6616986956783805e-10,on_on_0,0
mock,scale1,self,self,with_guess,intercept,20.583333333333336,1.1929619493346744,17.253973058246196,1.0217081225210595e-21,on_on_0,0
mock,scale1,self,self,with_guess,conditionAC,10.416666666666666,2.0662707077440654,5.041288456360824,7.651963103142088e-06,on_on_0,0
mock,scale1,self,self,with_guess,guessAC,10.416666666666668,2.1997131455499637,4.735465934610457,2.123366842022953e-05,on_on_0,0
mock,scale1,self,self,with_guess,conditionAC:guessAC,-3.8611111111111125,2.8840196096705095,-1.338795026970095,0.18721645562681832,on_on_0,0
