study,scale,guesser,respondent,model_type,component,est,se,t,p,model_name,trial_id
mock,scale1,self,self,without_guess,intercept,19.823529411764696,1.1726598264075427,16.904757002287962,7.5570922870852685e-22,on_off_0,0
mock,scale1,self,self,without_guess,conditionAC,10.54010695187166,1.4434444644406996,7.302052286407639,2.5354831906110126e-09,on_off_0,0
mock,scale1,self,self,with_guess,intercept,20.800000000000008,1.5430010732139066,13.480223935733129,1.3749857682048138e-17,on_off_0,0
mock,scale1,self,self,with_guess,conditionAC,9.255555555555551,1.9244604544636446,4.809428811118447,1.661382603497671e-05,on_off_0,0
mock,scale1,self,self,with_guess,guessAC,-2.3714285714285745,2.4045935000377794,-0.9862076776766286,0.32919036972280413,on_off_0,0
mock,scale1,self,self,with_guess,conditionAC:guessAC,3.049206349206353,2.9482198873057732,1.0342533683920252,0.3064246379480206,on_off_0,0
