study,scale,guesser,respondent,model_type,df1,df2,f,adjr2,p,model_name,trial_id
mock,scale1,self,self,without_guess,1.0,48.0,10.635948450044555,0.16433516818192162,0.0020444710056249436,off_on_0,0
mock,scale1,self,self,with_guess,3.0,46.0,20.711678852669813,0.5468628710943861,1.2267033655086104e-08,off_on_0,0
