study,scale,guesser,respondent,model_type,df1,df2,f,adjr2,p,model_name,trial_id
mock,scale1,self,self,without_guess,1.0,48.0,63.13162739853472,0.5590814141119465,2.6616986956783707e-10,on_on_0,0
mock,scale1,self,self,with_guess,3.0,46.0,47.006889431066796,0.7379968724997785,4.697721576397911e-14,on_on_0,0
