study,scale,guesser,respondent,model_type,component,est,se,t,p,model_name,trial_id
mock,scale1,self,self,without_guess,intercept,18.35294117647059,1.082735294396069,16.950533774469356,6.759412102345266e-22,off_off_0,0
mock,scale1,self,self,without_guess,conditionAC,1.7379679144385014,1.3327550172315892,1.3040415469968547,0.19843851191749054,off_off_0,0
mock,scale1,self,self,with_guess,intercept,18.666666666666675,1.8519288887504382,10.079580690196876,3.161355358783162e-13,off_off_0,0
mock,scale1,self,self,with_guess,conditionAC,0.9444444444444413,2.1384232848802207,0.4416545831324234,0.660808460249407,off_off_0,0
mock,scale1,self,self,with_guess,guessAC,-0.48484848484848836,2.3022496972389135,-0.21059769730015246,0.8341313326023208,off_off_0,0
mock,scale1,self,self,with_guess,conditionAC:guessAC,1.540404040404044,2.795607885301786,0.5510086190924295,0.5842942577672046,off_off_0,0
